purchase_price,is_transformed,dim_length,dim_width,dim_height,date_creation,id_machine
0,FALSE,22.08,6.07,10.88,2022-02-09 07:24:04,4
0,FALSE,23.01,5.36,11.75,2022-12-19 10:52:29,4
0,FALSE,23.62,6.70,14.71,2022-08-26 06:41:27,3
0,FALSE,20.79,6.27,12.17,2023-07-21 00:19:49,2
0,FALSE,24.69,6.44,11.27,2022-05-14 16:49:38,2
0,FALSE,23.20,5.14,11.39,2023-10-20 16:04:21,1
0,FALSE,22.62,5.60,10.90,2023-05-14 10:59:29,1
0,FALSE,20.07,5.92,10.84,2023-09-10 19:19:13,2
0,FALSE,23.77,5.85,13.58,2022-07-31 13:33:56,3
0,FALSE,23.91,5.05,13.44,2023-05-15 00:55:07,4
0,FALSE,23.03,6.55,14.98,2023-09-24 07:52:38,2
0,FALSE,23.30,5.15,14.50,2022-01-19 07:12:28,4
0,FALSE,24.08,5.00,13.49,2023-07-22 18:07:54,2
0,FALSE,24.17,6.75,10.98,2023-08-28 06:35:34,3
0,FALSE,22.24,5.79,14.34,2023-03-25 12:32:31,3
0,FALSE,21.72,5.88,10.89,2022-10-16 16:51:00,4
0,FALSE,23.49,5.90,10.93,2023-11-09 16:42:27,3
0,FALSE,21.66,5.74,13.28,2023-02-22 16:13:37,1
0,FALSE,24.95,6.05,11.60,2022-10-21 08:39:27,3
0,FALSE,21.79,5.72,12.12,2022-06-17 03:30:05,4
0,FALSE,24.95,6.36,10.81,2023-09-14 01:01:13,3
0,FALSE,24.36,6.41,10.32,2022-11-07 01:58:41,3
0,FALSE,24.96,6.72,14.35,2022-12-20 14:35:21,4
0,FALSE,22.62,5.02,10.34,2022-11-05 12:31:24,4
0,FALSE,22.07,5.12,12.96,2022-06-22 06:03:49,1
0,FALSE,24.79,6.16,11.22,2023-08-18 11:16:44,4
0,FALSE,23.66,5.12,12.11,2022-09-03 19:26:23,2
0,FALSE,20.36,6.98,10.99,2023-06-14 14:46:43,4
0,FALSE,21.35,5.35,10.50,2022-11-06 07:54:24,3
0,FALSE,21.12,5.42,14.94,2023-06-10 06:23:48,4
0,FALSE,24.99,5.08,11.27,2023-04-22 13:09:24,2
0,FALSE,23.99,5.28,13.77,2022-01-04 21:01:05,2
0,FALSE,21.78,6.63,10.06,2023-03-29 05:41:20,1
0,FALSE,21.38,5.91,10.96,2023-05-16 02:39:45,4
0,FALSE,24.21,5.32,13.67,2022-12-05 14:32:16,1
0,FALSE,22.78,6.11,11.82,2023-01-04 09:32:47,1
0,FALSE,21.16,5.11,14.19,2023-06-03 01:15:41,3
0,FALSE,23.40,6.94,13.55,2022-06-11 05:28:19,2
0,FALSE,20.42,6.82,14.63,2022-02-02 00:05:56,1
0,FALSE,21.85,6.45,10.40,2023-07-11 19:57:21,2
0,FALSE,23.53,6.64,13.42,2022-01-11 18:47:59,2
0,FALSE,23.22,6.51,13.45,2023-05-25 20:22:45,2
0,FALSE,24.76,6.37,14.13,2022-05-13 03:21:15,1
0,FALSE,24.45,5.98,11.05,2023-04-11 19:40:34,2
0,FALSE,20.60,6.51,12.85,2022-12-26 23:03:32,1
0,FALSE,24.20,6.60,10.52,2023-01-07 04:21:50,3
0,FALSE,24.38,5.76,10.84,2022-03-01 20:11:26,2
0,FALSE,20.75,6.51,10.24,2023-04-25 07:35:43,4
0,FALSE,23.81,5.09,14.57,2022-09-21 14:48:53,1
0,FALSE,23.53,6.76,14.89,2022-11-06 07:33:23,1
0,FALSE,20.67,6.96,14.16,2023-04-17 01:36:45,3
0,FALSE,24.82,6.77,13.16,2023-06-19 15:58:34,4
0,FALSE,20.69,6.16,13.63,2023-09-01 01:23:29,1
0,FALSE,21.98,5.88,11.62,2023-08-25 03:28:15,1
0,FALSE,24.61,5.47,10.71,2022-03-09 04:14:30,4
0,FALSE,20.03,5.55,14.45,2022-04-27 16:23:11,4
0,FALSE,22.12,5.12,12.14,2023-05-24 23:01:26,4
0,FALSE,20.77,6.38,11.44,2023-05-11 22:00:04,4
0,FALSE,23.75,6.25,13.66,2023-12-12 05:35:07,1
0,FALSE,20.15,6.31,11.37,2023-04-27 03:20:12,1
0,FALSE,20.50,6.26,14.79,2023-06-30 18:11:02,4
0,FALSE,21.92,6.05,10.99,2023-12-14 07:11:41,2
0,FALSE,21.59,5.76,13.27,2022-10-09 15:10:00,1
0,FALSE,23.26,6.77,12.03,2022-05-08 00:49:01,2
0,FALSE,20.82,5.97,11.47,2023-04-30 00:49:54,1
0,FALSE,24.93,6.93,13.77,2023-02-03 01:02:06,2
0,FALSE,24.94,6.18,13.75,2023-08-30 12:14:47,2
0,FALSE,20.45,5.23,13.39,2022-02-17 19:53:22,1
0,FALSE,24.13,5.48,11.26,2023-08-02 15:56:38,3
0,FALSE,24.92,5.01,14.93,2022-04-09 05:12:20,2
0,FALSE,24.02,6.78,13.55,2023-01-06 19:57:26,2
0,FALSE,23.23,6.36,11.91,2022-08-24 09:59:49,4
0,FALSE,22.70,5.20,14.85,2022-11-20 20:30:03,4
0,FALSE,24.09,6.41,14.59,2023-10-09 19:02:50,4
0,FALSE,22.37,5.22,10.00,2022-01-13 20:17:32,1
0,FALSE,20.45,6.86,13.95,2022-11-04 00:37:14,1
0,FALSE,24.66,5.71,12.52,2023-05-20 21:29:25,1
0,FALSE,23.25,6.23,11.76,2022-08-21 21:38:26,4
0,FALSE,20.14,5.46,10.79,2022-09-23 16:29:16,2
0,FALSE,22.34,6.12,13.49,2022-12-31 11:24:29,2
0,FALSE,22.50,6.38,12.37,2022-11-17 10:20:49,1
0,FALSE,21.27,5.62,11.60,2022-08-26 11:12:00,4
0,FALSE,23.98,5.26,12.83,2023-10-06 06:57:57,3
0,FALSE,24.51,6.77,11.34,2023-03-14 05:52:26,4
0,FALSE,24.64,6.51,11.05,2022-11-10 08:35:32,1
0,FALSE,22.24,5.62,13.24,2023-04-24 03:40:42,3
0,FALSE,24.09,6.82,11.50,2022-05-28 12:05:27,2
0,FALSE,21.09,6.61,12.20,2023-08-09 16:16:06,1
0,FALSE,21.54,6.47,10.30,2022-05-24 02:18:42,1
0,FALSE,21.44,6.19,12.05,2023-09-23 12:43:56,2
0,FALSE,24.39,6.32,12.57,2023-05-06 07:37:19,2
0,FALSE,22.45,5.88,11.20,2022-07-08 07:10:47,3
0,FALSE,23.83,5.57,13.15,2022-12-08 21:27:42,2
0,FALSE,22.18,5.74,10.37,2023-06-06 04:55:34,3
0,FALSE,23.76,6.06,13.09,2023-05-07 10:50:45,1
0,FALSE,20.80,5.95,11.48,2022-06-17 16:56:14,1
0,FALSE,20.31,6.62,10.79,2022-10-11 01:51:15,2
0,FALSE,24.23,5.89,12.54,2023-03-01 07:17:13,4
0,FALSE,20.26,6.52,14.07,2022-05-09 04:58:22,3
0,FALSE,23.99,5.54,12.27,2023-01-08 18:50:54,1
0,FALSE,21.15,5.14,10.26,2023-12-31 17:01:53,4
0,FALSE,23.25,5.57,10.52,2023-01-02 03:03:14,3
0,FALSE,24.19,5.13,13.81,2022-11-18 10:30:55,2
0,FALSE,20.38,6.79,11.72,2023-07-16 02:48:21,3
0,FALSE,21.42,6.68,13.08,2023-10-01 00:06:03,2
0,FALSE,21.17,5.31,14.97,2022-03-26 01:42:43,2
0,FALSE,21.28,5.39,14.52,2022-06-18 18:56:44,2
0,FALSE,22.77,5.29,10.79,2023-04-20 07:46:02,1
0,FALSE,23.29,5.92,12.07,2022-10-08 23:57:32,2
0,FALSE,24.43,5.94,14.04,2023-10-27 23:06:55,2
0,FALSE,24.97,6.58,13.22,2022-02-13 22:03:47,4
0,FALSE,21.31,6.43,12.82,2023-07-05 21:06:35,2
0,FALSE,20.83,6.28,13.30,2022-04-05 12:11:28,2
0,FALSE,20.38,6.05,10.51,2023-09-17 20:45:45,1
0,FALSE,20.33,5.50,12.81,2023-12-10 08:05:55,4
0,FALSE,22.48,5.98,12.61,2023-11-07 09:50:11,3
0,FALSE,23.57,6.59,13.78,2022-05-30 04:17:48,2
0,FALSE,24.79,6.22,11.02,2023-06-02 01:59:40,3
0,FALSE,20.16,5.43,14.73,2022-03-22 16:41:50,3
0,FALSE,24.82,6.04,12.00,2023-04-06 21:05:53,1
0,FALSE,22.37,6.80,10.87,2023-02-24 13:45:02,2
0,FALSE,23.34,5.30,14.07,2022-02-07 15:08:54,1
0,FALSE,21.60,5.78,14.51,2023-10-09 21:31:36,3
0,FALSE,21.64,6.51,14.89,2023-04-06 05:28:56,1
0,FALSE,24.69,5.12,12.77,2023-02-18 15:45:28,4
0,FALSE,21.74,5.77,13.30,2022-09-25 17:24:39,3
0,FALSE,20.60,6.50,12.20,2023-07-28 05:22:25,4
0,FALSE,20.22,6.86,10.46,2022-12-23 23:59:55,1
0,FALSE,20.81,5.78,10.93,2023-03-10 19:26:20,3
0,FALSE,21.07,6.36,11.19,2022-07-11 00:21:37,3
0,FALSE,24.21,6.72,13.69,2022-02-23 20:11:37,4
0,FALSE,21.40,5.76,12.75,2022-01-01 06:41:00,4
0,FALSE,24.97,6.03,10.60,2023-03-10 12:31:24,2
0,FALSE,21.95,5.62,12.99,2022-08-18 04:55:35,4
0,FALSE,20.86,6.61,12.29,2022-11-10 11:41:39,4
0,FALSE,24.48,5.35,13.40,2022-01-08 21:13:05,2
0,FALSE,20.61,6.09,13.24,2022-07-22 07:29:59,3
0,FALSE,21.85,5.30,13.31,2023-09-16 11:42:50,3
0,FALSE,20.98,5.87,10.62,2022-06-25 22:38:02,3
0,FALSE,20.64,6.45,14.95,2023-05-09 03:57:12,1
0,FALSE,22.40,6.32,13.87,2022-06-25 02:31:30,2
0,FALSE,20.18,6.42,11.61,2022-10-28 18:23:21,4
0,FALSE,21.47,5.66,11.89,2023-06-23 23:08:32,2
0,FALSE,23.76,6.71,11.09,2023-05-30 23:12:36,1
0,FALSE,22.19,5.68,13.67,2022-05-02 06:15:29,3
0,FALSE,24.02,5.56,10.33,2022-12-20 01:03:03,4
0,FALSE,23.16,6.74,13.39,2022-09-04 17:57:18,1
0,FALSE,20.94,6.00,11.90,2023-06-22 09:42:25,2
0,FALSE,21.34,5.66,12.95,2023-09-15 19:08:21,3
0,FALSE,20.82,6.56,13.30,2023-06-20 13:14:51,4
0,FALSE,21.86,6.15,11.67,2023-03-08 17:35:27,3
0,FALSE,24.65,5.66,10.06,2023-02-10 21:27:24,4
0,FALSE,24.43,5.95,10.38,2023-02-05 22:29:52,2
0,FALSE,20.76,6.97,11.69,2023-06-29 04:31:52,4
0,FALSE,21.17,6.41,12.20,2023-10-21 13:05:04,4
0,FALSE,20.53,6.46,14.25,2023-02-13 14:27:32,4
0,FALSE,21.14,6.28,14.65,2022-04-16 01:13:59,2
0,FALSE,20.04,5.71,12.28,2023-11-27 16:10:49,4
0,FALSE,24.85,5.68,11.80,2023-06-29 06:01:06,3
0,FALSE,24.76,6.15,12.99,2022-12-04 21:59:23,3
0,FALSE,21.28,6.80,12.12,2022-02-28 07:39:36,1
0,FALSE,23.11,5.62,13.70,2022-11-21 10:57:15,1
0,FALSE,24.76,5.64,10.58,2022-12-07 17:11:28,3
0,FALSE,20.23,6.85,10.32,2022-01-05 20:17:09,3
0,FALSE,21.41,5.10,10.17,2022-12-06 23:29:52,4
0,FALSE,24.13,6.97,12.16,2023-10-31 20:28:19,3
0,FALSE,20.44,6.04,14.72,2023-09-19 20:22:32,4
0,FALSE,24.99,6.54,13.08,2022-03-22 08:54:00,4
0,FALSE,21.92,5.62,11.52,2023-07-09 21:47:48,3
0,FALSE,24.74,6.41,11.66,2022-05-06 04:03:07,2
0,FALSE,22.44,5.19,11.03,2023-04-06 18:13:44,1
0,FALSE,21.53,5.80,11.49,2023-05-17 15:59:12,2
0,FALSE,22.46,5.85,11.64,2023-02-22 11:00:32,3
0,FALSE,21.51,6.85,14.91,2022-06-02 14:34:39,3
0,FALSE,24.57,5.27,11.98,2023-02-19 11:31:54,4
0,FALSE,23.69,5.00,14.03,2022-04-08 20:15:54,2
0,FALSE,22.88,6.45,11.63,2023-02-22 23:13:08,4
0,FALSE,24.66,5.94,10.05,2022-04-04 16:11:02,1
0,FALSE,20.44,6.87,10.35,2023-04-12 18:31:33,4
0,FALSE,22.53,5.27,10.65,2022-08-18 10:23:20,3
0,FALSE,24.69,6.86,10.13,2022-07-07 03:56:54,3
0,FALSE,21.89,6.28,13.47,2023-07-29 11:18:34,3
0,FALSE,22.24,6.39,13.26,2023-03-09 18:15:03,4
0,FALSE,21.48,5.90,10.03,2023-06-13 02:56:14,4
0,FALSE,21.83,5.43,13.83,2022-08-04 19:46:45,3
0,FALSE,24.64,5.61,13.57,2022-10-14 18:52:27,2
0,FALSE,20.32,5.06,14.93,2023-02-17 16:22:23,1
0,FALSE,24.99,5.52,10.56,2022-10-16 12:13:35,3
0,FALSE,24.32,5.89,14.88,2023-01-30 10:25:33,4
0,FALSE,21.16,6.49,10.08,2023-12-21 05:05:18,3
0,FALSE,24.73,6.81,10.10,2022-03-07 20:07:15,1
0,FALSE,24.69,5.85,11.34,2022-01-22 12:37:29,2
0,FALSE,21.07,6.76,10.34,2022-07-30 09:43:07,3
0,FALSE,24.31,6.72,14.81,2022-02-17 15:38:01,2
0,FALSE,21.80,5.57,11.81,2022-11-27 00:32:12,2
0,FALSE,22.24,6.21,11.17,2023-07-15 01:02:11,1
0,FALSE,22.55,6.81,12.83,2022-08-17 09:20:35,3
0,FALSE,20.41,6.01,12.59,2022-12-13 12:41:17,3
0,FALSE,21.43,5.80,14.86,2023-06-16 03:23:04,1
0,FALSE,24.34,5.39,10.34,2022-01-11 17:42:38,4
0,FALSE,20.13,5.87,14.13,2022-07-22 16:01:35,3
0,FALSE,20.85,6.19,12.19,2023-12-22 18:29:38,4
0,FALSE,23.46,5.71,12.97,2022-01-03 12:38:14,4
0,FALSE,21.59,5.26,12.10,2023-06-17 17:30:21,4
0,FALSE,23.88,6.92,13.92,2023-03-06 05:13:38,1
0,FALSE,20.77,5.63,12.18,2023-12-17 04:55:22,1
0,FALSE,24.46,5.59,12.34,2022-05-29 12:36:10,4
0,FALSE,23.02,5.23,10.01,2023-03-29 17:14:13,2
0,FALSE,24.79,5.65,14.02,2022-11-16 02:14:19,2
0,FALSE,20.10,5.53,13.60,2023-12-14 09:42:00,3
0,FALSE,23.47,6.11,13.49,2023-05-08 08:20:03,2
0,FALSE,21.92,6.78,10.11,2023-07-23 09:42:21,3
0,FALSE,23.22,6.28,11.65,2023-07-29 00:58:56,2
0,FALSE,24.10,5.54,14.56,2023-08-26 04:42:22,4
0,FALSE,22.17,6.60,11.50,2022-05-14 21:05:39,4
0,FALSE,21.97,5.12,12.06,2022-10-04 19:30:10,3
0,FALSE,20.72,5.05,11.63,2022-07-29 21:37:18,3
0,FALSE,22.80,5.03,12.12,2023-07-11 01:59:46,2
0,FALSE,21.11,6.31,12.68,2022-07-09 04:15:01,3
0,FALSE,22.09,5.97,14.33,2022-05-22 19:39:33,3
0,FALSE,20.23,5.38,14.74,2023-05-29 06:29:22,2
0,FALSE,21.21,5.44,11.58,2023-04-03 14:55:07,4
0,FALSE,22.26,6.02,13.85,2023-10-02 17:04:43,2
0,FALSE,21.85,5.61,14.78,2023-09-18 15:42:13,1
0,FALSE,22.65,5.08,11.78,2022-06-02 03:40:35,1
0,FALSE,23.52,5.79,10.54,2022-02-25 10:56:23,4
0,FALSE,21.21,6.13,12.84,2022-08-25 01:34:31,4
0,FALSE,23.84,5.77,11.34,2023-12-24 10:40:00,4
0,FALSE,22.79,6.71,14.04,2022-02-21 20:59:44,1
0,FALSE,21.19,6.14,12.00,2023-05-25 03:31:47,4
0,FALSE,20.76,5.10,12.31,2023-06-12 18:28:28,2
0,FALSE,21.68,5.18,12.20,2023-02-02 23:03:32,3
0,FALSE,20.66,5.78,11.58,2023-03-10 09:53:35,4
0,FALSE,24.79,5.39,10.77,2023-02-24 04:41:05,3
0,FALSE,24.51,6.42,11.06,2022-02-28 05:17:10,4
0,FALSE,23.57,5.87,11.57,2023-12-10 15:50:15,2
0,FALSE,24.63,5.69,10.10,2023-10-05 11:13:34,4
0,FALSE,20.40,6.47,13.47,2023-12-13 17:24:11,4
0,FALSE,24.67,5.31,10.68,2023-11-03 05:16:34,2
0,FALSE,22.54,5.21,14.69,2022-03-06 19:51:14,1
0,FALSE,22.46,6.37,12.79,2023-11-16 02:42:31,3
0,FALSE,21.52,6.37,13.13,2023-01-31 04:40:09,3
0,FALSE,20.61,6.82,11.94,2023-02-08 13:55:07,4
0,FALSE,21.69,5.15,13.16,2023-10-30 04:15:40,3
0,FALSE,20.85,6.63,14.93,2023-09-22 15:09:46,2
0,FALSE,20.17,5.05,13.30,2023-02-06 04:13:28,1
0,FALSE,23.70,5.93,13.10,2023-07-01 10:27:27,4
0,FALSE,24.57,6.60,13.57,2023-12-15 14:50:53,3
0,FALSE,20.80,5.98,10.59,2022-10-07 07:35:24,1
0,FALSE,24.03,6.29,13.16,2023-02-18 18:38:49,4
0,FALSE,23.12,5.19,12.24,2022-04-07 10:50:01,2
0,FALSE,24.57,5.75,10.23,2022-03-25 01:15:07,3
0,FALSE,22.54,6.05,12.05,2023-08-11 09:25:21,2
0,FALSE,20.41,6.27,12.02,2022-03-14 13:59:41,1
0,FALSE,20.50,5.69,11.62,2023-11-18 22:19:53,2
0,FALSE,23.77,5.25,12.02,2022-02-26 01:28:20,3
0,FALSE,22.41,6.22,10.76,2023-01-19 00:11:21,2
0,FALSE,23.84,5.76,11.05,2023-04-08 03:29:52,2
0,FALSE,22.57,5.69,13.16,2023-09-20 23:54:39,1
0,FALSE,24.38,6.75,12.94,2023-08-12 03:06:55,3
0,FALSE,20.15,6.81,12.11,2023-03-11 06:10:17,1
0,FALSE,20.48,6.06,12.81,2023-08-10 23:31:15,3
0,FALSE,23.55,5.72,11.50,2023-01-30 11:18:43,3
0,FALSE,23.09,6.41,12.68,2023-04-05 15:15:49,3
0,FALSE,24.51,6.50,10.81,2022-12-27 14:30:14,3
0,FALSE,23.57,6.69,14.65,2022-08-13 19:15:26,3
0,FALSE,22.60,5.32,11.06,2022-02-09 20:36:25,3
0,FALSE,24.60,6.02,13.21,2022-06-08 06:51:31,2
0,FALSE,22.52,6.12,11.50,2022-05-03 17:30:58,3
0,FALSE,20.32,5.01,14.88,2023-02-07 07:20:26,4
0,FALSE,22.81,5.00,14.28,2023-12-26 22:00:22,2
0,FALSE,21.14,6.64,13.12,2023-03-20 20:58:06,2
0,FALSE,22.03,6.05,13.74,2023-03-24 19:59:03,1
0,FALSE,21.05,5.24,13.24,2023-12-19 03:48:01,4
0,FALSE,23.35,6.53,14.53,2022-03-21 17:19:07,4
0,FALSE,20.10,5.92,11.87,2022-07-02 07:17:42,1
0,FALSE,21.43,6.26,14.11,2023-07-07 17:18:36,3
0,FALSE,21.99,5.16,11.11,2023-01-03 02:31:29,4
0,FALSE,20.47,5.95,13.01,2022-11-15 19:34:54,3
0,FALSE,20.85,6.18,14.43,2023-01-31 15:45:25,4
0,FALSE,23.15,5.13,11.53,2022-04-27 15:31:08,3
0,FALSE,23.51,6.12,13.49,2022-09-10 01:37:08,1
0,FALSE,22.85,6.86,12.95,2023-02-25 01:59:21,1
0,FALSE,23.93,6.49,14.98,2022-02-07 17:58:39,4
0,FALSE,23.74,5.59,11.29,2022-03-22 18:18:22,2
0,FALSE,22.51,5.04,14.01,2022-09-05 22:47:25,4
0,FALSE,22.21,5.52,11.29,2022-10-27 07:20:39,3
0,FALSE,20.03,6.84,14.86,2022-05-31 02:58:49,1
0,FALSE,22.16,5.47,13.54,2022-01-12 08:14:39,3
0,FALSE,20.21,5.41,13.16,2023-01-27 12:07:39,2
0,FALSE,22.98,5.79,10.84,2023-09-27 00:53:22,2
0,FALSE,20.17,6.27,10.03,2023-12-13 16:23:27,4
0,FALSE,20.50,6.05,12.67,2023-03-06 10:36:07,3
0,FALSE,23.98,6.65,14.52,2023-06-29 01:21:35,4
0,FALSE,23.57,5.51,14.14,2022-11-29 08:27:33,3
0,FALSE,20.88,5.90,10.37,2023-07-31 06:54:49,3
0,FALSE,23.25,5.96,12.63,2022-06-30 13:06:19,3
0,FALSE,20.57,5.57,11.72,2023-05-04 02:56:27,1
0,FALSE,20.59,6.21,11.90,2022-05-25 08:31:09,1
0,FALSE,21.52,6.25,10.85,2023-05-12 13:51:09,3
0,FALSE,24.70,6.71,14.92,2022-08-02 23:18:25,3
0,FALSE,21.25,6.93,10.35,2023-11-27 02:00:41,3
0,FALSE,21.50,5.79,13.64,2022-09-04 20:45:51,2
0,FALSE,21.02,5.89,11.81,2022-11-15 22:55:05,3
0,FALSE,24.66,5.43,14.85,2023-10-16 05:06:58,4
0,FALSE,21.18,5.49,13.81,2023-04-29 21:33:05,4
0,FALSE,22.23,5.27,12.91,2023-02-19 15:33:30,3
0,FALSE,23.15,6.24,13.55,2022-10-12 06:32:53,2
0,FALSE,20.91,6.64,12.62,2023-04-21 07:22:30,1
0,FALSE,21.02,5.40,14.60,2022-10-28 13:44:56,2
0,FALSE,22.67,5.60,10.40,2023-09-17 17:35:53,2
0,FALSE,24.52,5.52,13.90,2022-07-21 01:27:46,2
0,FALSE,21.75,5.73,10.99,2023-01-05 08:14:55,4
0,FALSE,22.12,6.98,13.83,2023-03-02 14:51:18,2
0,FALSE,22.31,6.38,14.41,2023-11-25 21:48:43,3
0,FALSE,24.74,5.77,10.25,2023-01-29 08:08:46,4
0,FALSE,22.36,6.79,10.01,2022-03-13 17:32:11,3
0,FALSE,23.99,5.12,10.96,2023-10-25 00:32:13,4
0,FALSE,22.41,6.58,14.27,2022-11-30 07:35:31,2
0,FALSE,23.08,5.13,10.49,2022-08-22 00:26:32,3
0,FALSE,23.70,6.79,10.68,2022-05-29 12:53:27,1
0,FALSE,22.66,6.80,10.30,2023-11-01 09:57:09,1
0,FALSE,24.47,5.13,13.53,2023-12-10 05:05:02,4
0,FALSE,21.47,6.77,11.64,2022-09-05 16:25:44,4
0,FALSE,22.09,6.59,13.74,2023-07-28 07:16:05,2
0,FALSE,23.69,5.66,14.17,2023-05-07 01:31:58,2
0,FALSE,22.04,6.50,12.98,2022-04-16 10:21:40,3
0,FALSE,24.28,5.01,11.64,2023-10-01 04:13:35,1
0,FALSE,21.56,5.37,12.01,2022-08-21 01:48:55,4
0,FALSE,22.02,6.32,14.11,2022-12-26 01:40:13,4
0,FALSE,24.49,5.06,13.56,2023-05-31 20:54:59,2
0,FALSE,21.02,5.52,14.76,2023-12-28 18:22:20,1
0,FALSE,21.90,6.89,11.21,2022-12-03 02:44:27,1
0,FALSE,21.63,6.48,13.52,2022-09-07 17:15:20,3
0,FALSE,22.02,6.46,11.68,2022-10-12 09:01:33,1
0,FALSE,21.20,6.85,13.18,2022-08-24 23:52:59,4
0,FALSE,21.69,5.03,11.95,2023-09-29 16:35:15,1
0,FALSE,23.81,6.77,13.79,2023-12-07 08:14:19,4
0,FALSE,20.14,6.14,14.86,2022-12-01 20:07:50,2
0,FALSE,23.40,5.70,12.62,2023-03-07 06:06:58,2
0,FALSE,23.59,5.36,10.12,2023-11-17 17:40:36,4
0,FALSE,24.12,5.05,13.03,2023-07-26 05:07:42,1
0,FALSE,24.07,6.14,14.36,2022-01-15 00:30:35,1
0,FALSE,20.77,6.16,11.89,2022-11-04 01:00:25,2
0,FALSE,21.40,5.41,14.47,2022-11-27 16:21:32,4
0,FALSE,22.04,5.66,14.78,2022-03-08 00:33:38,1
0,FALSE,24.44,5.37,13.82,2023-02-18 15:06:49,3
0,FALSE,22.64,6.22,13.52,2023-10-05 12:15:58,2
0,FALSE,23.61,5.42,13.95,2023-08-25 19:03:36,3
0,FALSE,20.57,6.11,14.33,2022-04-13 07:50:04,3
0,FALSE,22.38,5.25,14.02,2022-08-15 12:32:41,3
0,FALSE,21.37,5.36,10.08,2022-12-13 09:35:42,4
0,FALSE,24.17,5.69,10.26,2022-07-05 12:58:40,1
0,FALSE,22.86,6.00,12.13,2022-05-09 22:30:32,4
0,FALSE,22.57,6.39,13.44,2023-04-15 13:46:46,1
0,FALSE,20.09,5.14,14.38,2023-01-20 16:57:08,1
0,FALSE,22.89,5.14,13.88,2022-10-06 01:38:05,1
0,FALSE,21.84,5.09,12.64,2023-04-26 17:55:14,4
0,FALSE,22.23,6.56,14.01,2023-07-07 16:19:36,1
0,FALSE,24.22,6.14,11.85,2022-02-04 14:24:29,3
0,FALSE,24.74,6.48,13.71,2022-08-27 18:21:33,2
0,FALSE,23.63,6.03,13.27,2022-12-09 15:41:47,4
0,FALSE,21.27,6.88,13.14,2023-08-14 16:08:56,2
0,FALSE,22.34,6.05,14.12,2022-12-21 23:05:44,3
0,FALSE,24.85,6.17,11.41,2023-06-20 01:07:39,2
0,FALSE,20.56,6.56,12.24,2022-03-05 10:05:06,4
0,FALSE,23.03,5.90,10.92,2022-06-22 11:45:06,4
0,FALSE,21.97,6.56,10.03,2022-02-07 16:14:54,3
0,FALSE,24.39,6.26,14.01,2022-08-25 00:02:46,1
0,FALSE,21.11,5.57,13.60,2022-09-20 02:08:47,4
0,FALSE,20.50,6.10,10.15,2023-07-24 20:28:58,1
0,FALSE,23.19,6.57,10.83,2023-03-06 08:18:50,2
0,FALSE,24.94,5.42,11.36,2023-07-29 08:08:04,1
0,FALSE,22.32,6.06,10.23,2023-06-29 08:35:43,3
0,FALSE,23.53,5.41,12.10,2023-01-31 22:10:44,1
0,FALSE,23.33,5.05,12.05,2022-09-28 10:35:57,3
0,FALSE,24.21,6.47,13.76,2022-07-13 04:54:15,4
0,FALSE,21.26,5.58,13.08,2023-04-04 18:18:33,4
0,FALSE,22.70,6.81,10.32,2023-10-25 21:54:18,4
0,FALSE,23.49,6.85,14.07,2023-02-04 01:54:07,1
0,FALSE,20.93,6.32,13.51,2023-02-01 20:36:31,1
0,FALSE,23.42,5.78,12.20,2023-02-17 21:15:38,3
0,FALSE,22.65,5.94,11.21,2023-01-12 11:39:07,4
0,FALSE,21.99,5.60,10.90,2022-10-07 14:03:34,4
0,FALSE,24.35,6.25,14.65,2022-04-02 22:53:11,1
0,FALSE,21.31,6.24,11.50,2022-05-08 21:51:22,4
0,FALSE,23.44,6.87,13.59,2023-01-09 22:27:20,3
0,FALSE,20.04,6.74,12.23,2023-10-24 19:19:47,1
0,FALSE,23.27,6.14,11.13,2023-06-04 04:53:03,2
0,FALSE,21.35,6.32,14.16,2023-05-01 19:24:30,3
0,FALSE,22.37,5.77,14.86,2022-06-22 13:30:59,2
0,FALSE,24.54,6.25,12.18,2022-01-16 17:00:41,4
0,FALSE,23.78,6.67,10.73,2022-07-13 14:48:13,3
0,FALSE,24.78,5.84,14.33,2023-10-20 04:41:42,4
0,FALSE,24.70,6.03,11.89,2022-03-26 11:30:34,1
0,FALSE,24.86,5.76,13.52,2023-05-13 06:41:16,2
0,FALSE,20.39,6.95,12.87,2023-07-20 03:10:41,3
0,FALSE,24.26,5.19,13.17,2022-07-29 11:17:44,4
0,FALSE,22.07,6.01,11.05,2022-01-05 03:22:28,3
0,FALSE,22.66,6.82,12.37,2022-06-25 20:57:33,3
0,FALSE,20.41,6.01,10.62,2023-12-22 12:02:23,2
0,FALSE,21.01,5.67,13.54,2023-05-30 05:38:08,3
0,FALSE,22.75,6.09,11.77,2022-11-02 07:29:59,3
0,FALSE,24.64,6.30,13.49,2023-05-16 07:31:46,4
0,FALSE,23.53,6.16,14.42,2023-11-13 13:30:12,3
0,FALSE,24.92,5.13,13.54,2022-04-21 04:23:31,4
0,FALSE,23.66,6.04,11.92,2022-03-06 21:18:35,4
0,FALSE,21.77,6.93,14.19,2022-01-21 18:58:34,2
0,FALSE,22.59,5.48,10.89,2023-07-19 16:08:48,3
0,FALSE,24.34,5.60,10.80,2023-07-27 16:09:17,4
0,FALSE,22.41,6.70,13.91,2022-03-23 23:52:52,1
0,FALSE,21.32,5.28,11.77,2023-08-20 08:32:02,4
0,FALSE,21.06,6.70,13.93,2023-02-25 23:55:56,4
0,FALSE,22.76,5.89,11.77,2023-02-08 23:58:46,1
0,FALSE,22.29,5.81,13.23,2022-11-19 04:19:30,2
0,FALSE,20.44,6.36,14.79,2022-09-01 05:41:51,3
0,FALSE,22.81,5.15,13.16,2023-12-09 14:15:52,1
0,FALSE,22.84,6.35,11.21,2023-05-05 00:41:05,3
0,FALSE,22.14,5.75,13.20,2023-10-11 02:16:23,2
0,FALSE,23.77,5.13,10.92,2023-08-01 12:26:10,4
0,FALSE,21.56,6.00,14.93,2022-05-15 19:09:08,3
0,FALSE,20.50,5.93,11.44,2023-07-14 07:29:50,1
0,FALSE,24.35,6.45,11.84,2023-10-13 01:55:28,2
0,FALSE,22.33,6.64,14.49,2023-02-01 19:17:49,2
0,FALSE,20.42,6.86,13.05,2023-11-28 06:17:27,4
0,FALSE,22.87,6.15,12.06,2023-05-21 00:52:29,3
0,FALSE,21.55,5.14,10.39,2022-06-12 07:42:58,2
0,FALSE,23.11,5.14,10.88,2022-03-01 10:39:35,3
0,FALSE,24.84,6.00,12.87,2023-09-07 05:14:27,3
0,FALSE,23.59,5.56,13.90,2023-02-13 06:04:21,2
0,FALSE,22.19,5.87,14.66,2022-12-29 19:46:55,2
0,FALSE,20.35,6.73,14.27,2022-10-14 13:53:05,2
0,FALSE,24.78,5.93,14.26,2022-03-05 23:45:00,4
0,FALSE,24.49,5.35,10.71,2023-08-26 17:15:13,1
0,FALSE,22.78,5.36,14.67,2023-08-12 08:59:17,2
0,FALSE,23.97,5.27,13.89,2022-02-21 20:05:21,2
0,FALSE,24.54,6.46,10.85,2023-07-03 14:36:27,1
0,FALSE,21.61,6.08,12.12,2023-10-28 08:40:42,4
0,FALSE,23.97,6.92,13.61,2022-02-18 20:25:57,1
0,FALSE,21.59,6.23,13.46,2022-11-02 20:45:42,4
0,FALSE,20.82,5.28,11.16,2023-12-08 12:17:32,2
0,FALSE,22.19,6.47,10.02,2022-03-13 21:44:23,2
0,FALSE,21.36,5.90,11.35,2023-05-24 18:54:20,2
0,FALSE,22.31,6.05,11.13,2023-05-04 00:25:04,4
0,FALSE,20.06,5.60,11.78,2022-11-09 17:02:06,3
0,FALSE,21.16,5.09,13.08,2022-06-14 12:21:07,3
0,FALSE,22.23,6.33,10.35,2022-01-28 21:55:27,2
0,FALSE,20.14,6.76,10.24,2022-09-23 12:58:23,3
0,FALSE,23.04,5.79,13.22,2023-07-21 13:45:42,1
0,FALSE,22.79,5.56,12.98,2022-01-03 10:25:36,1
0,FALSE,24.51,5.25,14.31,2023-02-11 13:33:23,2
0,FALSE,21.40,6.59,14.45,2023-10-14 08:30:43,2
0,FALSE,24.83,5.17,13.84,2022-12-04 10:45:42,3
0,FALSE,24.29,5.29,14.16,2023-03-24 13:54:36,3
0,FALSE,20.70,5.72,12.98,2022-06-06 07:21:49,3
0,FALSE,24.59,5.89,11.76,2022-04-06 03:35:29,3
0,FALSE,24.74,5.25,14.32,2023-07-07 15:46:21,2
0,FALSE,20.22,5.03,11.02,2023-03-22 18:05:21,3
0,FALSE,20.91,5.47,14.60,2023-02-15 21:23:53,2
0,FALSE,21.76,5.71,14.47,2022-05-09 22:13:37,3
0,FALSE,22.00,5.70,12.35,2022-01-22 03:32:02,4
0,FALSE,20.08,6.44,10.32,2022-02-20 18:36:12,1
0,FALSE,21.23,6.43,13.29,2022-02-17 18:18:06,3
0,FALSE,21.89,5.11,13.08,2022-05-18 08:10:25,1
0,FALSE,22.73,5.14,14.72,2022-03-22 00:43:42,3
0,FALSE,22.50,6.56,12.00,2022-08-22 03:50:39,1
0,FALSE,20.62,5.04,14.74,2023-09-08 17:09:43,4
0,FALSE,22.59,6.86,13.79,2022-10-23 06:06:43,3
0,FALSE,22.33,5.52,10.18,2023-02-05 13:34:33,1
0,FALSE,24.88,5.38,12.40,2023-03-14 05:08:38,2
0,FALSE,21.07,6.74,13.63,2023-02-25 00:53:22,4
0,FALSE,24.53,5.77,13.94,2023-02-04 17:49:31,2
0,FALSE,22.99,6.22,12.68,2023-08-28 18:13:22,3
0,FALSE,22.96,5.88,10.30,2022-11-17 09:24:19,2
0,FALSE,22.12,6.79,11.75,2023-01-28 11:29:39,3
0,FALSE,22.60,6.01,13.04,2023-11-03 11:26:37,2
0,FALSE,22.74,6.59,10.15,2022-04-24 16:24:29,4
0,FALSE,24.19,5.75,11.74,2023-03-23 14:32:38,2
0,FALSE,24.98,6.67,11.15,2023-09-12 17:44:28,4
0,FALSE,23.90,5.95,10.65,2023-05-16 21:18:40,4
0,FALSE,21.33,5.53,12.41,2022-07-23 20:45:48,4
0,FALSE,21.38,5.72,11.31,2022-01-31 19:21:50,3
0,FALSE,20.19,6.41,12.43,2023-08-24 19:16:47,1
0,FALSE,20.66,6.53,11.24,2022-01-18 19:01:17,3
0,FALSE,22.66,5.24,11.28,2023-10-11 15:27:20,3
0,FALSE,24.93,6.87,13.10,2022-04-26 14:12:13,2
0,FALSE,22.40,5.79,14.81,2023-12-02 10:27:00,2
0,FALSE,24.07,6.91,11.61,2022-02-09 06:38:48,2
0,FALSE,22.82,5.88,13.73,2023-02-02 06:44:43,3
0,FALSE,21.03,6.66,12.35,2023-07-26 20:56:37,2
0,FALSE,23.95,5.78,10.23,2023-01-09 09:34:48,1
0,FALSE,23.05,5.06,11.37,2023-06-04 13:10:10,2
0,FALSE,23.46,5.92,12.01,2023-07-10 18:22:49,3
0,FALSE,23.00,6.20,11.40,2023-08-18 16:41:09,2
0,FALSE,21.36,6.44,11.59,2023-07-06 13:41:11,2
0,FALSE,21.90,5.80,13.67,2022-01-28 04:36:58,3
0,FALSE,21.90,5.62,13.21,2023-08-23 18:37:38,2
0,FALSE,24.78,6.84,10.58,2023-03-29 04:39:22,4
0,FALSE,23.12,6.03,10.50,2022-02-14 00:07:33,2
0,FALSE,22.62,6.83,12.10,2023-04-15 19:22:22,3
0,FALSE,24.57,5.96,11.38,2022-04-03 01:04:33,2
0,FALSE,20.48,5.93,12.79,2022-07-30 08:36:54,2
0,FALSE,23.45,6.71,12.77,2023-03-15 05:48:59,3
0,FALSE,21.67,6.95,13.95,2023-01-09 08:38:31,3
0,FALSE,24.69,5.74,10.09,2022-10-31 12:13:57,1
0,FALSE,22.03,5.11,11.66,2023-04-04 19:17:56,2
0,FALSE,23.60,6.13,14.07,2022-03-11 15:18:00,3
0,FALSE,22.25,5.71,11.89,2023-03-30 17:59:47,3
0,FALSE,23.07,6.62,10.22,2023-12-22 01:15:54,4
0,FALSE,20.82,5.75,12.81,2022-02-13 01:08:12,1
0,FALSE,23.23,6.06,14.70,2022-07-14 08:59:02,3
0,FALSE,20.18,5.14,11.37,2022-09-19 01:27:23,3
0,FALSE,22.74,6.86,14.08,2022-03-16 09:07:28,4
0,FALSE,23.87,5.75,14.53,2022-09-24 22:44:20,1
0,FALSE,24.20,6.79,13.64,2023-08-04 22:32:59,2
0,FALSE,24.74,6.53,12.42,2022-02-12 18:30:48,2
0,FALSE,21.09,5.95,12.00,2022-05-06 15:38:03,3
0,FALSE,23.93,6.21,12.51,2023-03-31 21:22:36,2
0,FALSE,20.00,6.82,10.19,2022-12-01 07:35:18,1
0,FALSE,21.51,5.21,10.36,2023-02-25 19:00:03,1
0,FALSE,21.79,6.98,10.82,2023-10-20 19:59:03,3
0,FALSE,21.06,6.93,14.72,2022-11-24 01:54:25,4
0,FALSE,21.64,6.74,12.87,2023-06-21 22:09:54,3
0,FALSE,24.14,5.37,14.95,2022-05-29 14:41:27,3
0,FALSE,23.48,5.59,13.59,2023-01-27 10:26:34,1
0,FALSE,20.01,5.15,14.24,2022-04-23 20:20:12,2
0,FALSE,21.18,6.92,11.88,2023-05-16 10:05:48,2
0,FALSE,24.01,6.99,14.99,2023-10-02 02:00:07,1
0,FALSE,21.46,5.16,13.76,2023-02-07 06:56:18,2
0,FALSE,23.14,5.19,13.50,2022-08-15 07:27:07,3
0,FALSE,23.89,6.12,14.89,2022-01-23 21:21:36,2
0,FALSE,24.10,6.92,14.65,2022-04-01 09:09:32,3
0,FALSE,20.54,6.51,13.64,2023-03-02 07:32:52,3
0,FALSE,23.13,6.09,10.59,2023-04-21 20:39:54,4
0,FALSE,23.29,5.35,13.52,2022-12-03 15:07:53,2
0,FALSE,21.72,6.80,10.71,2023-09-20 13:39:04,3
0,FALSE,20.95,5.32,14.79,2022-05-31 20:45:42,1
0,FALSE,23.12,6.30,10.41,2022-08-23 00:29:11,2
0,FALSE,24.37,6.75,14.23,2023-10-15 19:35:53,4
0,FALSE,22.84,5.80,10.31,2023-05-25 19:48:49,1
0,FALSE,23.09,6.10,11.50,2022-05-17 03:46:32,4
0,FALSE,21.11,6.29,13.75,2023-10-09 23:44:08,1
0,FALSE,24.95,5.96,11.98,2022-01-31 14:45:45,4
0,FALSE,21.39,6.85,12.79,2022-05-29 21:49:58,4
0,FALSE,22.74,5.82,13.84,2022-04-25 12:54:19,4
0,FALSE,23.89,5.57,10.69,2023-05-29 20:51:48,2
0,FALSE,24.67,6.74,10.48,2023-11-12 00:05:27,2
0,FALSE,20.81,5.33,14.73,2022-04-03 16:28:47,3
0,FALSE,24.49,5.14,11.63,2022-08-19 21:35:10,1
0,FALSE,23.49,6.76,13.19,2023-06-08 23:28:47,4
0,FALSE,20.50,5.45,14.73,2022-05-20 11:57:11,1
0,FALSE,21.90,5.30,10.18,2022-11-15 16:20:06,4
0,FALSE,20.05,6.19,10.61,2023-03-09 10:16:42,4
0,FALSE,22.24,5.13,11.99,2023-11-28 22:25:05,4
0,FALSE,22.99,5.81,11.44,2023-08-06 06:25:10,1
0,FALSE,21.89,6.50,13.88,2023-06-01 12:16:41,4
0,FALSE,21.25,5.06,13.55,2023-11-02 00:57:27,4
0,FALSE,23.75,5.51,11.61,2023-03-11 06:24:09,2
0,FALSE,23.12,6.85,11.79,2023-05-12 17:05:10,3
0,FALSE,23.13,5.32,11.74,2022-06-04 19:28:49,3
0,FALSE,20.64,6.78,14.21,2023-06-02 08:43:27,1
0,FALSE,21.74,6.71,12.68,2023-05-19 04:37:08,1
0,FALSE,23.13,5.31,14.81,2022-01-31 11:12:16,3
0,FALSE,21.58,5.84,12.10,2023-10-10 18:07:52,2
0,FALSE,20.94,7.00,14.14,2022-09-28 22:26:20,4
0,FALSE,20.29,6.91,13.15,2022-08-11 21:13:25,2
0,FALSE,22.81,6.46,15.00,2023-01-06 00:30:50,3
0,FALSE,22.17,6.54,11.89,2022-05-29 16:37:01,4
0,FALSE,22.98,5.67,14.29,2023-05-13 09:07:49,3
0,FALSE,23.44,5.27,10.44,2022-04-02 02:03:32,2
0,FALSE,20.18,5.38,14.31,2022-07-01 15:46:07,3
0,FALSE,21.34,5.56,14.24,2023-09-06 12:50:47,3
0,FALSE,22.74,5.16,13.40,2022-05-11 19:18:05,3
0,FALSE,23.66,6.66,13.51,2022-08-03 05:34:46,3
0,FALSE,22.36,5.20,14.00,2022-02-03 06:04:14,4
0,FALSE,21.79,6.71,12.25,2023-12-26 12:54:20,2
0,FALSE,21.97,6.38,14.52,2022-08-05 08:06:18,3
0,FALSE,22.51,6.30,10.74,2023-04-03 09:13:36,2
0,FALSE,24.15,5.59,14.45,2023-08-24 15:43:49,3
0,FALSE,21.56,6.47,10.55,2022-02-25 21:12:53,2
0,FALSE,22.75,6.66,11.91,2023-08-07 20:43:32,3
0,FALSE,24.42,6.24,13.85,2022-03-23 05:13:28,2
0,FALSE,22.57,5.94,14.39,2023-03-23 18:28:38,1
0,FALSE,22.30,6.25,11.78,2023-03-03 02:50:09,3
0,FALSE,24.89,5.58,11.51,2022-07-19 07:09:45,1
0,FALSE,20.07,6.70,14.92,2022-01-13 01:59:52,1
0,FALSE,21.29,5.70,12.42,2022-01-07 07:27:37,1
0,FALSE,22.62,6.57,10.09,2023-09-01 20:33:40,1
0,FALSE,22.67,5.99,11.86,2023-07-24 11:58:05,4
0,FALSE,22.08,5.76,14.63,2023-08-21 17:10:03,1
0,FALSE,23.39,5.36,12.29,2022-04-25 05:35:08,4
0,FALSE,20.94,6.02,13.31,2022-11-09 10:55:09,4
0,FALSE,24.14,5.88,14.51,2023-02-15 20:21:13,4
0,FALSE,21.84,5.12,12.12,2023-03-02 13:16:41,2
0,FALSE,24.86,6.49,10.76,2022-01-02 06:20:37,1
0,FALSE,22.57,6.44,13.98,2022-07-11 08:10:59,2
0,FALSE,21.77,6.89,10.09,2023-03-17 21:26:18,1
0,FALSE,21.23,6.60,11.21,2022-10-20 20:11:13,4
0,FALSE,22.73,5.22,12.53,2022-02-15 16:23:39,3
0,FALSE,20.58,6.87,11.34,2022-02-26 13:59:14,2
0,FALSE,21.15,5.29,13.14,2022-04-28 00:16:25,3
0,FALSE,20.03,6.99,12.36,2023-12-19 16:14:39,3
0,FALSE,23.24,5.40,11.19,2022-06-26 11:47:00,4
0,FALSE,22.61,6.35,10.74,2023-04-16 22:07:04,4
0,FALSE,23.11,5.10,10.51,2023-10-29 00:37:40,1
0,FALSE,20.44,6.94,10.63,2023-01-14 00:09:04,3
0,FALSE,22.33,6.88,14.18,2022-07-19 11:46:20,2
0,FALSE,22.66,6.61,12.09,2023-09-16 23:32:07,4
0,FALSE,21.66,5.87,12.09,2022-06-03 22:23:42,3
0,FALSE,20.55,5.80,11.43,2022-12-18 04:36:30,2
0,FALSE,22.13,6.53,12.28,2022-06-24 09:52:50,2
0,FALSE,22.32,5.82,12.57,2022-05-07 15:40:31,3
0,FALSE,21.28,5.22,14.10,2022-01-06 10:49:33,3
0,FALSE,23.28,5.97,13.10,2022-04-21 05:35:33,3
0,FALSE,22.55,6.96,11.66,2022-06-08 04:49:56,1
0,FALSE,23.56,5.47,10.19,2022-04-30 18:33:05,3
0,FALSE,20.24,5.45,13.59,2022-11-25 23:39:19,1
0,FALSE,20.92,6.10,14.68,2022-06-03 23:21:27,4
0,FALSE,20.79,5.20,12.42,2023-01-22 20:44:02,2
0,FALSE,24.32,5.17,13.27,2022-01-12 02:10:16,4
0,FALSE,24.50,6.13,13.20,2023-08-07 18:33:43,3
0,FALSE,24.24,6.49,13.02,2023-12-09 16:57:51,4
0,FALSE,22.22,5.27,13.77,2022-07-05 19:53:17,2
0,FALSE,22.45,5.87,12.80,2022-08-25 07:15:52,3
0,FALSE,21.93,5.80,14.67,2022-07-12 11:14:07,3
0,FALSE,23.52,6.14,13.49,2022-10-25 11:23:34,1
0,FALSE,23.97,6.30,14.23,2023-03-23 17:17:24,4
0,FALSE,20.16,6.24,10.87,2023-05-20 10:17:56,1
0,FALSE,24.83,6.22,12.78,2023-03-21 05:42:41,2
0,FALSE,24.09,5.21,11.55,2022-12-13 01:01:32,3
0,FALSE,20.18,5.42,14.78,2023-04-02 14:56:02,1
0,FALSE,23.69,6.95,11.72,2022-02-05 04:15:06,2
0,FALSE,21.75,5.34,12.89,2023-10-13 13:28:30,4
0,FALSE,20.08,6.64,13.09,2023-08-05 01:30:50,3
0,FALSE,20.77,5.68,12.38,2023-11-26 10:41:12,3
0,FALSE,23.15,5.24,11.03,2022-01-07 02:34:56,2
0,FALSE,20.71,6.05,14.24,2022-12-15 08:12:03,1
0,FALSE,21.26,5.77,12.56,2022-06-26 05:47:08,3
0,FALSE,20.77,6.25,12.51,2022-03-19 20:35:09,1
0,FALSE,21.90,6.28,11.39,2023-12-02 09:20:32,1
0,FALSE,22.23,6.61,10.06,2023-02-27 16:51:22,4
0,FALSE,21.59,6.67,10.58,2023-03-01 11:10:59,4
0,FALSE,20.99,5.21,13.70,2022-10-31 09:01:30,3
0,FALSE,21.28,5.85,10.61,2022-02-11 17:20:21,4
0,FALSE,21.36,5.19,12.92,2023-10-27 21:15:08,4
0,FALSE,21.20,5.68,14.75,2023-08-31 19:26:46,4
0,FALSE,23.72,5.01,12.79,2023-09-24 16:25:02,2
0,FALSE,23.64,5.57,11.10,2023-07-06 14:45:14,3
0,FALSE,21.82,6.02,14.72,2023-05-25 00:59:25,3
0,FALSE,22.12,6.83,10.40,2023-06-18 01:30:28,3
0,FALSE,21.44,5.70,11.52,2023-06-15 00:30:19,3
0,FALSE,23.71,6.04,14.41,2022-01-16 14:36:02,1
0,FALSE,23.10,5.60,13.30,2022-05-26 09:06:06,4
0,FALSE,20.66,6.74,10.49,2022-05-14 00:46:55,1
0,FALSE,21.71,6.98,12.62,2022-06-13 13:37:58,3
0,FALSE,20.72,6.13,13.38,2023-11-01 06:53:57,3
0,FALSE,20.95,5.07,14.94,2022-03-28 03:33:12,3
0,FALSE,21.85,6.72,12.84,2022-12-20 05:52:40,1
0,FALSE,20.67,5.28,10.25,2023-07-23 03:52:10,1
0,FALSE,22.66,6.25,12.65,2023-08-15 22:24:54,4
0,FALSE,22.34,6.02,10.99,2023-06-20 05:07:59,2
0,FALSE,23.25,6.57,11.68,2023-01-26 20:23:41,2
0,FALSE,23.75,6.80,10.61,2022-08-16 09:00:45,3
0,FALSE,21.77,5.94,11.49,2022-02-25 13:18:11,2
0,FALSE,20.03,5.87,13.73,2022-10-09 15:06:10,4
0,FALSE,22.48,5.25,13.37,2022-08-06 13:41:41,1
0,FALSE,20.19,6.35,11.31,2023-11-10 01:05:05,4
0,FALSE,23.47,5.51,11.34,2023-07-14 15:59:06,4
0,FALSE,20.17,5.82,13.14,2023-12-14 12:21:37,4
0,FALSE,20.65,5.98,13.94,2022-07-01 08:16:45,2
0,FALSE,23.31,6.46,13.87,2023-08-23 15:04:00,4
0,FALSE,20.95,6.31,13.88,2022-11-14 17:03:48,4
0,FALSE,22.45,6.43,14.80,2022-12-07 19:42:33,1
0,FALSE,23.19,5.45,12.11,2023-04-17 22:38:00,1
0,FALSE,23.29,5.18,13.15,2023-03-11 11:12:11,4
0,FALSE,20.17,5.69,13.01,2023-11-21 06:03:56,4
0,FALSE,23.31,6.31,13.79,2023-12-31 02:11:55,4
0,FALSE,21.76,5.26,13.77,2022-01-15 07:08:12,1
0,FALSE,21.49,5.46,13.79,2022-09-15 23:20:16,3
0,FALSE,24.92,5.45,10.27,2023-09-16 05:17:48,2
0,FALSE,22.40,5.89,11.98,2022-03-23 05:21:07,2
0,FALSE,21.95,5.50,13.46,2022-10-07 12:52:06,3
0,FALSE,24.03,6.04,14.93,2023-07-15 00:20:23,2
0,FALSE,20.87,6.29,10.75,2023-06-16 09:03:46,2
0,FALSE,20.47,6.04,12.73,2023-06-25 09:27:45,2
0,FALSE,23.71,5.79,12.69,2022-09-25 18:52:37,3
0,FALSE,23.84,5.79,10.72,2022-02-11 09:47:20,1
0,FALSE,22.65,6.38,14.65,2022-12-24 22:00:16,2
0,FALSE,21.18,5.17,10.70,2022-03-24 20:00:07,4
0,FALSE,20.09,5.14,10.81,2023-03-15 16:42:36,3
0,FALSE,24.74,6.28,12.52,2022-07-22 06:42:17,4
0,FALSE,22.37,5.04,10.02,2023-07-25 15:16:40,1
0,FALSE,23.02,5.10,11.23,2022-10-21 21:31:27,2
0,FALSE,24.77,6.41,14.03,2022-11-02 07:44:38,3
0,FALSE,23.09,5.52,13.34,2023-02-07 07:12:38,4
0,FALSE,20.73,6.37,13.58,2022-04-02 11:47:45,1
0,FALSE,22.02,6.25,10.13,2022-01-06 01:20:30,3
0,FALSE,23.30,7.00,10.62,2022-05-15 13:04:39,4
0,FALSE,23.69,6.60,14.67,2023-11-08 07:37:28,4
0,FALSE,21.70,5.36,13.94,2023-03-06 11:43:22,4
0,FALSE,22.92,6.95,14.52,2023-04-13 19:34:27,1
0,FALSE,24.48,5.34,11.14,2022-08-31 11:29:58,4
0,FALSE,20.09,5.17,13.15,2022-09-10 17:35:39,3
0,FALSE,21.20,5.50,14.61,2023-02-01 20:54:43,2
0,FALSE,21.83,5.43,14.37,2023-12-15 08:03:11,1
0,FALSE,23.90,6.30,13.28,2022-12-23 12:15:28,4
0,FALSE,22.46,5.01,12.85,2023-08-20 03:29:34,4
0,FALSE,23.16,6.01,10.17,2022-03-02 07:57:09,4
0,FALSE,20.01,5.44,10.54,2022-12-01 13:55:16,2
0,FALSE,20.70,6.09,10.52,2023-10-29 12:06:47,2
0,FALSE,21.72,6.21,12.37,2022-06-20 05:23:46,2
0,FALSE,22.94,6.55,13.49,2023-03-19 13:58:29,3
0,FALSE,24.55,6.35,10.94,2022-01-22 04:36:34,2
0,FALSE,22.42,7.00,10.87,2023-09-09 12:22:42,2
0,FALSE,23.39,6.99,10.39,2022-12-18 13:35:22,2
0,FALSE,23.70,5.18,14.80,2022-04-07 01:21:03,1
0,FALSE,24.88,5.32,10.70,2023-12-07 23:15:53,1
0,FALSE,22.02,5.48,10.26,2022-06-24 21:22:54,1
0,FALSE,21.25,5.58,10.54,2022-09-28 08:38:26,2
0,FALSE,23.04,6.21,11.42,2023-10-12 16:54:55,3
0,FALSE,23.68,5.87,14.51,2023-05-21 19:30:59,4
0,FALSE,22.28,6.87,13.89,2023-08-29 01:02:15,3
0,FALSE,22.24,6.12,13.90,2023-05-05 02:42:03,1
0,FALSE,21.27,5.11,11.93,2023-09-24 22:18:13,4
0,FALSE,22.39,6.36,12.47,2022-11-06 07:53:01,4
0,FALSE,22.04,5.74,12.08,2022-09-29 08:55:30,3
0,FALSE,20.44,6.84,14.97,2022-01-27 08:47:44,3
0,FALSE,24.47,5.99,13.53,2022-01-18 12:30:21,1
0,FALSE,22.55,5.08,13.08,2023-08-11 20:55:46,4
0,FALSE,22.61,5.02,14.82,2022-12-21 19:31:33,4
0,FALSE,24.39,5.53,14.33,2023-10-01 09:28:53,4
0,FALSE,20.88,5.55,10.99,2022-03-26 03:42:01,3
0,FALSE,24.27,6.90,14.87,2022-05-27 18:40:23,1
0,FALSE,23.83,5.14,10.70,2022-11-27 07:59:44,4
0,FALSE,21.79,5.01,14.58,2022-07-18 04:21:15,2
0,FALSE,22.60,5.76,12.74,2022-03-16 10:56:13,2
0,FALSE,23.58,5.68,13.22,2022-04-19 17:35:48,4
0,FALSE,23.38,5.95,11.83,2023-11-26 07:04:50,4
0,FALSE,24.76,6.25,14.87,2023-11-29 15:29:45,3
0,FALSE,21.18,5.66,12.80,2022-11-29 23:11:58,4
0,FALSE,23.21,5.13,11.46,2023-03-18 19:58:13,4
0,FALSE,24.60,5.18,10.68,2023-07-18 02:32:02,4
0,FALSE,24.97,5.05,13.60,2023-10-09 01:04:13,2
0,FALSE,24.22,5.18,14.61,2023-08-07 09:53:00,2
0,FALSE,23.39,6.46,10.26,2023-12-22 17:03:11,2
0,FALSE,22.00,5.79,10.42,2022-04-26 18:36:11,2
0,FALSE,22.05,6.20,14.01,2022-12-01 17:52:30,4
0,FALSE,24.90,5.46,14.87,2023-03-27 14:41:53,1
0,FALSE,23.86,5.03,11.43,2023-05-26 08:06:27,3
0,FALSE,20.89,5.91,14.51,2023-03-19 02:54:46,4
0,FALSE,23.06,5.89,13.07,2023-02-01 03:46:20,1
0,FALSE,24.56,5.96,12.46,2022-02-23 02:29:05,1
0,FALSE,22.93,5.17,12.95,2023-07-23 13:00:45,1
0,FALSE,22.90,5.43,14.24,2023-03-02 05:17:14,2
0,FALSE,21.99,5.49,14.37,2022-12-09 12:31:41,4
0,FALSE,21.00,6.57,11.39,2022-07-07 01:26:17,1
0,FALSE,24.55,5.55,12.72,2023-01-31 03:37:28,3
0,FALSE,24.53,6.47,10.92,2023-10-24 09:48:13,2
0,FALSE,21.91,6.81,12.58,2023-10-31 10:42:14,2
0,FALSE,24.97,5.42,14.31,2023-02-24 11:41:15,2
0,FALSE,22.15,6.30,11.41,2023-03-19 17:53:24,4
0,FALSE,20.09,6.91,14.66,2022-05-24 15:35:09,3
0,FALSE,21.88,6.97,11.32,2022-03-21 14:50:40,2
0,FALSE,22.48,5.08,13.59,2022-09-16 19:11:32,3
0,FALSE,21.50,6.58,11.53,2023-01-02 11:05:06,2
0,FALSE,23.71,5.82,14.08,2022-04-15 09:36:19,1
0,FALSE,24.74,5.01,12.82,2022-03-20 23:19:28,2
0,FALSE,21.88,5.28,13.04,2022-04-24 21:22:58,4
0,FALSE,20.80,5.09,10.46,2022-03-20 00:23:39,1
0,FALSE,23.36,5.04,10.34,2022-03-14 05:57:38,1
0,FALSE,24.79,5.06,14.55,2022-01-11 16:49:23,3
0,FALSE,24.41,5.08,12.16,2023-06-23 13:57:49,3
0,FALSE,20.25,6.22,10.81,2023-02-17 04:25:48,4
0,FALSE,21.38,6.97,13.37,2023-10-05 12:52:24,4
0,FALSE,24.01,5.56,11.65,2023-09-05 00:30:07,3
0,FALSE,20.58,6.15,14.17,2022-03-08 22:46:43,3
0,FALSE,21.89,6.05,14.12,2023-11-14 08:07:29,3
0,FALSE,21.03,6.31,14.84,2022-12-22 22:50:48,1
0,FALSE,21.90,6.65,11.73,2022-10-20 07:34:21,2
0,FALSE,23.85,6.17,14.59,2022-12-13 10:38:07,3
0,FALSE,21.75,5.65,10.50,2023-07-20 07:48:22,1
0,FALSE,21.09,5.75,13.18,2023-10-13 15:10:57,2
0,FALSE,23.49,5.31,11.41,2022-03-11 10:03:02,1
0,FALSE,21.10,5.19,11.62,2023-10-22 22:26:21,4
0,FALSE,21.11,6.75,10.59,2022-02-04 23:07:03,4
0,FALSE,20.92,6.97,10.47,2023-11-14 17:16:40,1
0,FALSE,24.47,6.13,14.36,2023-02-08 04:06:29,2
0,FALSE,24.67,5.11,12.17,2022-04-25 21:00:56,4
0,FALSE,23.09,5.39,14.99,2022-06-27 17:48:27,2
0,FALSE,21.81,6.19,14.88,2023-10-10 11:51:59,1
0,FALSE,20.60,6.22,14.73,2022-06-27 02:31:44,4
0,FALSE,22.69,6.41,10.56,2023-10-30 14:26:14,2
0,FALSE,20.11,6.67,14.77,2022-09-11 22:16:07,2
0,FALSE,22.05,6.76,11.72,2022-04-19 05:35:45,2
0,FALSE,24.35,5.29,14.33,2023-09-13 03:23:49,4
0,FALSE,23.51,5.99,13.63,2022-08-22 11:42:08,1
0,FALSE,20.39,5.86,13.08,2022-09-30 05:04:09,2
0,FALSE,24.01,6.62,11.31,2022-05-03 18:04:00,1
0,FALSE,22.33,5.84,13.25,2023-08-05 12:15:26,4
0,FALSE,22.91,5.24,13.62,2023-10-22 03:02:58,1
0,FALSE,23.24,6.28,13.97,2022-12-03 06:34:44,4
0,FALSE,21.75,6.81,10.37,2023-04-24 05:42:03,2
0,FALSE,22.08,6.66,12.94,2023-04-29 18:34:39,1
0,FALSE,20.29,5.58,10.04,2022-12-28 00:13:12,4
0,FALSE,23.53,5.37,13.58,2022-05-28 05:08:48,4
0,FALSE,24.83,5.92,10.07,2023-07-18 09:31:58,2
0,FALSE,22.12,6.72,10.17,2022-09-08 18:28:50,3
0,FALSE,22.41,6.46,11.07,2023-01-02 06:26:08,2
0,FALSE,21.20,5.42,10.01,2023-05-22 15:09:17,2
0,FALSE,22.19,5.43,12.75,2022-03-25 06:15:33,4
0,FALSE,21.31,5.59,14.23,2023-06-14 14:17:45,4
0,FALSE,20.93,6.10,13.89,2023-04-30 23:51:08,4
0,FALSE,24.56,6.36,13.74,2022-02-01 08:37:22,1
0,FALSE,23.90,5.88,13.76,2023-11-07 23:36:24,1
0,FALSE,20.59,6.39,12.23,2022-08-27 07:36:39,4
0,FALSE,22.00,6.24,13.98,2022-05-31 07:44:25,3
0,FALSE,21.79,6.06,13.72,2022-11-29 07:54:17,2
0,FALSE,20.84,5.78,12.02,2022-05-13 22:19:28,2
0,FALSE,20.57,6.30,10.57,2023-08-28 00:05:46,2
0,FALSE,22.95,5.23,13.84,2022-03-24 01:37:02,4
0,FALSE,23.58,6.22,10.14,2023-08-20 20:22:33,3
0,FALSE,20.54,5.26,14.56,2023-10-05 23:49:55,4
0,FALSE,24.46,5.57,10.24,2023-05-04 21:30:00,3
0,FALSE,24.68,5.75,14.61,2022-04-03 00:02:59,1
0,FALSE,21.40,5.57,10.53,2023-05-01 16:51:54,1
0,FALSE,22.26,6.84,15.00,2022-04-10 14:47:43,4
0,FALSE,20.10,5.28,10.30,2023-11-08 00:48:18,1
0,FALSE,24.92,6.10,10.85,2023-11-06 01:49:16,3
0,FALSE,22.71,5.51,11.09,2023-06-28 21:57:05,1
0,FALSE,20.28,6.11,10.92,2022-11-11 07:37:36,1
0,FALSE,20.46,5.98,14.04,2022-12-06 12:40:01,1
0,FALSE,21.66,6.81,12.30,2023-09-23 19:38:57,3
0,FALSE,22.22,5.56,13.07,2023-11-28 18:05:56,2
0,FALSE,22.50,6.13,13.91,2023-05-19 15:09:30,2
0,FALSE,21.35,5.49,10.56,2022-01-19 18:50:21,4
0,FALSE,24.60,5.31,10.79,2023-04-13 23:37:23,2
0,FALSE,20.34,6.52,10.91,2022-08-09 14:58:06,4
0,FALSE,20.91,6.82,11.69,2023-05-23 08:27:03,2
0,FALSE,24.68,5.12,13.72,2022-05-21 11:25:28,1
0,FALSE,23.49,6.18,14.76,2022-04-14 02:00:30,4
0,FALSE,23.43,6.93,14.27,2023-05-07 20:05:50,1
0,FALSE,23.59,6.10,13.70,2023-05-20 16:56:48,2
0,FALSE,20.28,5.04,12.56,2022-11-03 19:22:57,3
0,FALSE,21.81,6.67,14.04,2023-09-02 21:03:22,2
0,FALSE,24.48,6.60,11.10,2023-03-21 23:30:14,4
0,FALSE,24.47,5.64,11.96,2023-12-13 15:54:54,3
0,FALSE,22.63,6.80,12.74,2022-05-24 17:50:27,1
0,FALSE,24.65,5.60,14.39,2022-02-10 02:56:32,2
0,FALSE,20.50,5.90,11.25,2022-01-07 12:37:45,2
0,FALSE,23.24,5.61,14.57,2023-04-22 23:21:09,4
0,FALSE,22.68,5.42,12.12,2022-04-19 05:22:06,3
0,FALSE,22.01,5.75,12.75,2023-03-02 21:56:01,1
0,FALSE,20.15,6.06,14.22,2023-04-24 17:23:21,3
0,FALSE,21.91,5.06,10.83,2023-07-01 17:15:36,2
0,FALSE,21.05,6.23,11.68,2022-10-17 03:28:22,2
0,FALSE,22.92,5.90,11.78,2022-03-12 19:22:42,4
0,FALSE,24.79,6.10,12.43,2023-06-18 07:58:11,1
0,FALSE,24.16,5.87,13.36,2022-08-06 04:26:02,3
0,FALSE,20.71,6.94,14.49,2023-07-07 21:11:58,1
0,FALSE,23.66,6.89,12.71,2022-03-27 14:05:12,3
0,FALSE,22.18,6.14,10.57,2022-01-15 18:21:23,2
0,FALSE,21.76,6.75,13.77,2022-04-04 15:38:57,3
0,FALSE,24.32,5.71,12.41,2022-11-17 11:48:39,1
0,FALSE,23.31,5.68,14.20,2022-08-14 00:10:07,1
0,FALSE,21.22,6.95,12.08,2022-09-25 10:27:00,1
0,FALSE,23.65,5.88,14.64,2023-02-13 09:21:12,1
0,FALSE,23.90,6.21,10.16,2023-06-15 08:08:56,1
0,FALSE,23.11,5.07,13.07,2022-04-16 03:21:46,4
0,FALSE,20.57,5.28,13.56,2022-01-03 14:58:31,1
0,FALSE,23.15,5.74,11.42,2022-09-02 12:42:34,1
0,FALSE,21.63,6.77,12.88,2023-07-31 22:22:12,3
0,FALSE,24.81,5.54,10.59,2022-05-28 01:23:19,4
0,FALSE,24.52,5.43,13.09,2023-08-30 02:15:44,1
0,FALSE,21.96,6.96,14.91,2023-06-28 19:04:50,4
0,FALSE,21.03,6.76,12.10,2022-04-14 22:22:39,4
0,FALSE,24.16,5.42,14.20,2023-03-08 11:49:51,4
0,FALSE,21.62,6.36,13.13,2022-08-27 20:18:47,1
0,FALSE,21.39,6.45,12.78,2022-01-16 02:45:34,4
0,FALSE,24.77,5.94,10.69,2022-12-03 23:21:53,2
0,FALSE,22.96,6.21,10.95,2022-08-29 20:33:12,1
0,FALSE,24.65,6.67,10.32,2023-08-03 21:27:41,1
0,FALSE,22.31,5.86,13.97,2023-07-23 01:00:15,3
0,FALSE,20.68,5.05,14.31,2022-12-16 18:30:08,2
0,FALSE,20.79,6.70,11.31,2023-07-24 12:37:14,4
0,FALSE,23.58,5.12,12.55,2023-08-15 18:15:28,4
0,FALSE,21.87,6.52,13.38,2022-12-26 14:09:34,4
0,FALSE,21.93,6.77,11.40,2022-09-23 05:54:34,3
0,FALSE,20.49,5.21,12.55,2023-04-06 16:11:35,4
0,FALSE,24.78,6.54,13.20,2022-09-04 12:05:46,2
0,FALSE,21.89,6.86,13.41,2023-06-20 14:52:56,3
0,FALSE,23.43,6.41,12.68,2023-02-26 21:39:34,4
0,FALSE,20.91,5.30,14.45,2022-07-28 01:50:36,1
0,FALSE,21.33,5.45,11.73,2023-05-18 12:26:41,2
0,FALSE,24.21,6.43,13.21,2022-04-29 05:13:37,2
0,FALSE,24.15,6.07,12.72,2022-12-31 12:40:36,1
0,FALSE,24.00,6.94,13.03,2023-11-06 07:13:38,4
0,FALSE,24.63,6.31,12.36,2023-04-26 02:24:37,3
0,FALSE,21.17,5.71,11.39,2022-03-10 15:34:39,3
0,FALSE,22.51,6.37,10.90,2022-05-08 10:59:40,1
0,FALSE,21.29,6.94,13.65,2023-12-14 12:01:34,2
0,FALSE,24.66,5.33,11.09,2022-12-13 19:43:02,1
0,FALSE,24.71,6.84,10.71,2023-07-26 10:08:52,1
0,FALSE,23.14,5.64,10.44,2022-12-15 01:57:08,4
0,FALSE,24.89,5.08,10.69,2022-05-18 14:34:01,1
0,FALSE,24.62,6.44,11.22,2023-10-05 03:03:03,4
0,FALSE,23.39,5.22,12.14,2022-11-05 18:00:26,1
0,FALSE,21.64,6.73,12.32,2023-02-23 01:31:03,1
0,FALSE,24.29,5.01,11.93,2022-01-05 03:29:48,2
0,FALSE,20.45,6.04,12.37,2023-01-30 06:03:56,2
0,FALSE,24.70,6.01,11.63,2022-08-05 06:19:27,2
0,FALSE,23.23,5.93,14.80,2022-02-09 20:01:43,4
0,FALSE,24.27,5.71,10.96,2023-01-08 03:23:38,4
0,FALSE,20.45,6.12,14.16,2022-07-01 13:13:19,3
0,FALSE,22.73,5.62,11.19,2022-10-18 05:44:57,4
0,FALSE,20.27,5.08,12.53,2022-08-15 07:15:54,4
0,FALSE,20.03,6.36,13.24,2023-06-24 14:09:39,1
0,FALSE,23.61,5.75,13.31,2023-08-08 14:58:42,1
0,FALSE,21.90,5.85,11.12,2022-09-11 18:35:57,2
0,FALSE,24.11,5.32,12.33,2023-05-28 10:51:52,3
0,FALSE,22.92,6.87,14.03,2023-08-13 20:32:37,1
0,FALSE,24.79,5.05,13.81,2022-06-25 06:43:02,1
0,FALSE,22.67,5.62,10.25,2022-10-12 08:44:23,3
0,FALSE,20.40,5.79,12.88,2023-10-31 12:42:01,1
0,FALSE,24.04,6.67,11.96,2023-10-08 00:06:10,1
0,FALSE,21.89,6.61,10.47,2022-05-24 06:08:43,1
0,FALSE,20.02,5.97,14.08,2023-08-02 03:47:20,3
0,FALSE,22.40,5.60,13.66,2022-10-13 19:57:49,3
0,FALSE,24.68,5.39,13.51,2023-06-26 13:26:10,4
0,FALSE,22.05,6.48,10.31,2022-09-29 21:46:32,4
0,FALSE,20.94,6.07,11.47,2022-01-27 19:30:20,3
0,FALSE,22.57,5.83,11.42,2022-03-19 19:17:33,4
0,FALSE,24.63,6.62,10.83,2022-08-22 11:27:21,3
0,FALSE,24.46,5.70,14.21,2023-09-12 14:26:42,2
0,FALSE,24.62,5.79,11.15,2023-07-06 06:58:02,2
0,FALSE,21.13,5.69,11.23,2022-03-13 01:23:29,1
0,FALSE,24.06,6.11,12.85,2022-10-26 04:59:23,1
0,FALSE,23.46,5.20,11.11,2023-07-09 10:41:25,1
0,FALSE,24.23,5.51,12.20,2022-12-30 05:21:25,2
0,FALSE,20.10,6.14,14.82,2022-01-14 06:12:55,3
0,FALSE,21.28,6.79,10.20,2022-10-13 15:58:12,2
0,FALSE,23.46,5.15,12.31,2022-02-26 03:09:44,2
0,FALSE,24.96,5.84,13.07,2022-02-18 12:56:09,1
0,FALSE,24.82,5.96,13.24,2023-06-12 08:52:56,4
0,FALSE,22.04,5.54,11.77,2023-06-11 14:57:23,2
0,FALSE,24.09,5.67,14.63,2023-05-16 05:06:52,3
0,FALSE,23.73,6.58,10.83,2022-08-28 21:59:36,4
0,FALSE,21.17,6.21,13.87,2022-08-23 16:05:43,4
0,FALSE,20.64,5.72,12.13,2023-04-22 14:43:17,1
0,FALSE,22.66,6.87,13.00,2023-05-02 21:22:00,3
0,FALSE,22.64,6.44,12.19,2022-04-05 08:19:00,2
0,FALSE,21.00,5.15,11.14,2022-11-09 03:58:10,4
0,FALSE,22.34,5.49,13.22,2023-03-10 18:06:52,2
0,FALSE,24.13,6.82,11.80,2023-06-23 12:59:53,2
0,FALSE,23.04,6.78,13.67,2022-05-10 13:56:42,4
0,FALSE,21.99,5.02,14.11,2022-08-22 12:45:13,4
0,FALSE,24.70,5.69,14.83,2022-09-02 02:24:01,3
0,FALSE,21.12,6.92,10.18,2022-02-17 15:23:26,2
0,FALSE,23.13,5.60,13.09,2023-02-03 13:42:34,3
0,FALSE,24.85,6.10,12.33,2023-03-03 14:04:13,1
0,FALSE,24.62,6.23,12.60,2022-08-15 01:45:30,4
0,FALSE,20.85,6.57,13.82,2022-07-29 11:05:36,2
0,FALSE,21.54,6.75,11.22,2023-06-19 03:18:07,3
0,FALSE,21.75,6.07,14.34,2022-10-02 09:52:30,2
0,FALSE,21.93,6.62,10.08,2022-01-17 08:36:35,3
0,FALSE,24.39,6.01,12.69,2022-10-20 00:20:52,3
0,FALSE,20.67,5.00,14.32,2022-02-17 01:20:36,4
0,FALSE,24.10,5.70,13.01,2023-08-25 17:28:33,2
0,FALSE,20.34,6.18,10.07,2023-05-29 04:55:13,1
0,FALSE,23.25,5.54,14.78,2022-09-07 00:58:04,1
0,FALSE,24.56,5.85,14.72,2023-03-26 12:09:13,2
0,FALSE,21.42,5.92,12.20,2022-07-12 21:32:41,4
0,FALSE,20.98,5.86,13.49,2022-08-18 12:37:17,1
0,FALSE,24.51,6.60,11.40,2022-12-27 13:37:33,3
0,FALSE,20.83,5.44,14.67,2023-04-28 09:40:13,4
0,FALSE,24.02,5.04,12.55,2023-10-26 00:10:05,3
0,FALSE,22.00,6.06,14.12,2022-01-28 09:45:49,2
0,FALSE,24.94,6.33,11.92,2022-02-19 12:27:47,1
0,FALSE,22.39,5.71,10.68,2022-05-10 12:11:18,4
0,FALSE,22.70,5.68,13.97,2022-08-07 21:35:23,3
0,FALSE,23.95,5.13,10.88,2022-11-24 16:00:58,1
0,FALSE,23.81,5.75,11.26,2022-07-22 04:17:32,1
0,FALSE,22.87,6.14,10.80,2023-08-27 10:19:44,1
0,FALSE,20.43,6.38,11.29,2022-10-10 17:24:57,1
0,FALSE,21.85,6.34,14.63,2023-05-28 23:35:13,1
0,FALSE,21.19,6.37,11.17,2023-01-10 22:31:52,4
0,FALSE,21.45,6.53,12.27,2022-09-16 14:53:06,4
0,FALSE,21.97,6.75,14.69,2022-09-04 14:39:21,4
0,FALSE,20.71,6.37,12.28,2022-05-01 17:39:24,4
0,FALSE,21.53,5.57,12.28,2022-07-09 16:21:02,4
0,FALSE,21.19,5.43,12.98,2022-10-02 06:55:13,2
0,FALSE,23.12,6.09,12.42,2022-07-23 09:04:36,3
0,FALSE,22.02,5.24,11.78,2022-03-24 05:52:04,2
0,FALSE,24.31,6.26,14.67,2022-08-14 09:23:44,2
0,FALSE,20.14,6.55,11.45,2022-02-15 19:44:00,4
0,FALSE,20.83,6.09,14.74,2023-12-26 21:58:21,1
0,FALSE,24.27,5.20,14.24,2022-08-07 07:25:12,4
0,FALSE,20.46,6.69,11.53,2023-12-16 03:47:08,3
0,FALSE,21.47,5.54,12.63,2022-09-04 17:02:08,1
0,FALSE,22.72,5.56,11.03,2022-06-16 17:32:50,4
0,FALSE,24.22,6.83,13.10,2022-11-14 02:47:50,2
